CustomerID,Gender,Age,Region,ProductCategory,Date,UnitsPurchased,UnitPrice,MarketingSpend,Revenue,HighPurchase
1,Male,34,South,Beauty,2023-06-19,5,277.48,107.23,1387.4,1
2,Female,26,East,Clothing,2025-09-16,3,396.06,143.47,1188.18,1
3,Male,50,North,Electronics,2024-05-16,6,162.4,88.71,974.4,1
4,Male,37,West,Home,2023-03-09,5,291.97,187.78,1459.85,1
5,Male,30,East,Clothing,2023-01-28,3,176.08,58.99,528.24,0
6,Female,45,East,Beauty,2023-05-28,6,408.81,95.09,2452.86,1
7,Male,65,West,Beauty,2025-07-21,6,236.03,151.39,1416.18,1
8,Male,46,North,Clothing,2024-01-08,8,42.98,137.82,343.84,1
9,Male,30,North,Beauty,2023-12-19,2,87.2,172.73,174.4,1
10,Female,63,East,Sports,2023-09-19,1,35.25,199.36,35.25,1
11,Male,52,North,Sports,2023-03-22,4,252.15,85.37,1008.6,0
12,Male,23,South,Sports,2024-03-29,7,57.64,22.23,403.48,1
13,Male,35,West,Electronics,2023-03-03,10,61.5,6.08,615.0,1
14,Male,68,South,Clothing,2025-04-13,3,470.82,145.38,1412.46,1
15,Female,22,North,Electronics,2023-11-21,3,436.96,174.8,1310.88,1
16,Male,64,East,Beauty,2023-11-26,5,228.78,44.14,1143.9,0
17,Female,42,West,Electronics,2024-03-14,5,492.97,31.69,2464.85,0
18,Female,19,North,Beauty,2024-02-10,10,5.09,12.44,50.9,1
19,Female,27,North,Beauty,2025-10-05,3,308.92,164.54,926.76,1
20,Male,47,East,Home,2024-05-31,9,310.13,62.28,2791.17,1
21,Female,67,East,Sports,2023-01-16,4,231.43,80.34,925.72,0
22,Male,62,South,Beauty,2024-08-06,3,201.49,100.55,604.47,1
23,Female,22,West,Home,2023-03-26,2,230.41,167.89,460.82,1
24,Female,50,West,Sports,2022-11-14,10,210.41,130.17,2104.1,1
25,Female,18,East,Beauty,2025-09-08,9,366.59,123.01,3299.31,1
26,Female,35,South,Beauty,2025-02-05,4,72.0,35.13,288.0,0
27,Female,49,West,Electronics,2025-09-19,3,102.83,102.64,308.49,1
28,Female,64,East,Electronics,2024-03-18,7,94.36,143.08,660.52,1
29,Female,66,North,Sports,2024-05-16,8,134.92,194.65,1079.36,1
30,Female,28,West,Beauty,2023-04-14,2,265.0,40.28,530.0,0
31,Male,38,South,Clothing,2023-07-09,7,60.05,1.91,420.35,1
32,Male,43,South,Electronics,2025-04-17,5,434.74,15.06,2173.7,0
33,Female,42,South,Sports,2023-11-06,5,152.19,75.17,760.95,0
34,Female,39,North,Beauty,2025-04-04,3,85.46,164.11,256.38,1
35,Female,44,West,Beauty,2024-11-26,5,339.43,1.43,1697.15,0
36,Male,66,West,Clothing,2023-04-24,2,23.85,91.35,47.7,0
37,Female,30,North,Sports,2024-04-19,4,311.88,65.85,1247.52,0
38,Male,50,West,Beauty,2024-10-22,6,350.61,10.5,2103.66,1
39,Male,51,North,Electronics,2023-06-26,1,111.38,90.05,111.38,0
40,Male,58,North,Clothing,2025-04-08,10,25.77,50.95,257.7,1
41,Male,52,North,Sports,2024-05-30,4,185.0,70.38,740.0,0
42,Male,18,South,Clothing,2023-04-10,6,53.8,141.12,322.8,1
43,Female,38,West,Electronics,2024-07-11,9,62.66,104.31,563.94,1
44,Female,65,North,Sports,2025-10-10,2,130.86,24.93,261.72,0
45,Female,23,West,Clothing,2023-03-25,7,151.26,192.28,1058.82,1
46,Female,45,South,Home,2025-03-24,6,267.34,127.18,1604.04,1
47,Female,34,North,Electronics,2023-05-27,2,340.8,153.17,681.6,1
48,Male,22,East,Electronics,2025-02-14,8,298.42,15.84,2387.36,1
49,Female,48,South,Electronics,2024-12-24,7,78.44,9.41,549.08,1
50,Female,22,East,Home,2023-09-06,5,90.18,3.89,450.9,0
51,Male,55,West,Home,2023-10-03,5,439.99,37.76,2199.95,0
52,Female,20,West,Beauty,2025-02-25,7,281.38,82.88,1969.66,1
53,Male,40,South,Clothing,2024-02-29,9,435.62,187.17,3920.58,1
54,Female,54,West,Beauty,2024-12-20,9,188.92,91.41,1700.28,1
55,Male,54,East,Clothing,2023-03-23,9,309.13,58.05,2782.17,1
56,Female,27,North,Home,2025-05-02,6,264.21,112.39,1585.26,1
57,Female,27,North,Home,2024-11-28,10,162.97,22.39,1629.7,1
58,Male,36,North,Beauty,2025-07-01,6,237.61,121.9,1425.66,1
59,Male,34,South,Sports,2023-03-05,3,253.73,113.69,761.19,1
60,Male,38,West,Beauty,2024-07-22,1,104.38,158.4,104.38,1
61,Male,31,East,Clothing,2024-07-29,7,160.93,197.34,1126.51,1
62,Male,26,West,Beauty,2023-11-03,4,396.75,50.17,1587.0,0
63,Male,63,West,Electronics,2024-02-26,1,458.32,101.93,458.32,1
64,Male,18,West,Clothing,2022-11-22,8,183.1,181.77,1464.8,1
65,Male,68,North,Clothing,2025-01-05,6,156.95,157.04,941.7,1
66,Female,62,East,Sports,2024-06-04,6,101.62,97.48,609.72,1
67,Female,30,East,Home,2022-12-14,2,340.85,189.07,681.7,1
68,Male,21,West,Clothing,2024-10-26,1,164.93,11.45,164.93,0
69,Female,18,North,Home,2024-03-06,2,493.94,186.2,987.88,1
70,Female,66,North,Beauty,2022-11-18,4,166.21,10.1,664.84,0
71,Female,57,East,Electronics,2025-09-07,2,200.1,109.46,400.2,1
72,Female,49,North,Sports,2025-08-16,1,303.65,178.09,303.65,1
73,Male,51,North,Home,2024-04-25,7,401.83,52.54,2812.81,1
74,Female,45,North,Clothing,2023-01-22,8,237.41,94.45,1899.28,1
75,Male,48,South,Home,2025-01-15,6,214.21,64.87,1285.26,1
76,Female,25,West,Clothing,2024-04-02,4,497.84,190.43,1991.36,1
77,Female,56,East,Home,2023-09-08,6,10.19,164.73,61.14,1
78,Female,43,East,Clothing,2024-04-02,3,448.06,141.8,1344.18,1
79,Male,51,South,Beauty,2024-05-06,8,78.82,117.53,630.56,1
80,Female,20,West,Clothing,2024-06-19,10,394.03,164.12,3940.3,1
81,Male,67,East,Clothing,2024-02-07,2,310.88,78.45,621.76,0
82,Female,29,North,Electronics,2024-08-05,5,174.21,89.51,871.05,0
83,Male,18,East,Clothing,2025-07-14,1,437.57,146.0,437.57,1
84,Female,61,North,Electronics,2023-11-12,6,11.39,71.55,68.34,1
85,Male,22,South,Sports,2024-12-14,2,117.21,12.78,234.42,0
86,Male,47,North,Electronics,2025-06-17,4,285.61,14.87,1142.44,0
87,Female,47,East,Beauty,2024-02-23,6,179.01,23.07,1074.06,1
88,Male,34,East,Electronics,2024-02-09,10,307.14,173.94,3071.4,1
89,Female,65,East,Sports,2024-08-01,8,16.93,94.45,135.44,1
90,Female,64,South,Beauty,2024-07-20,8,62.65,142.58,501.2,1
91,Female,40,South,Home,2025-03-13,6,67.91,78.58,407.46,1
92,Female,32,West,Home,2024-03-16,4,98.7,51.74,394.8,0
93,Female,54,East,Electronics,2025-10-06,8,232.37,69.44,1858.96,1
94,Female,38,North,Electronics,2022-12-16,8,377.3,158.84,3018.4,1
95,Female,31,South,Sports,2022-10-15,10,453.24,125.04,4532.4,1
96,Female,19,East,Sports,2024-09-12,1,418.51,187.53,418.51,1
97,Female,28,East,Clothing,2023-09-03,4,102.46,135.94,409.84,1
98,Female,68,South,Sports,2023-07-02,4,223.37,114.04,893.48,1
99,Female,56,West,Clothing,2023-09-18,7,103.71,122.04,725.97,1
100,Male,55,South,Beauty,2023-07-19,7,135.91,188.47,951.37,1
101,Male,51,South,Electronics,2022-11-14,8,254.26,157.64,2034.08,1
102,Female,55,North,Beauty,2025-09-09,5,38.71,4.81,193.55,0
103,Female,67,North,Sports,2023-06-10,7,113.0,106.83,791.0,1
104,Female,51,West,Beauty,2024-12-23,8,468.01,137.67,3744.08,1
105,Female,35,East,Beauty,2025-01-24,9,235.73,149.74,2121.57,1
106,Female,47,South,Beauty,2025-07-25,3,225.47,42.63,676.41,0
107,Female,32,West,Sports,2022-11-14,3,12.21,173.44,36.63,1
108,Female,44,North,Beauty,2025-05-23,4,127.46,191.17,509.84,1
109,Female,68,South,Clothing,2024-05-11,5,433.81,47.34,2169.05,0
110,Male,51,East,Sports,2024-09-03,10,86.49,176.52,864.9,1
111,Female,69,North,Beauty,2024-09-16,1,210.49,19.4,210.49,0
112,Male,55,North,Sports,2025-03-27,7,12.09,11.14,84.63,1
113,Female,50,North,Home,2023-10-12,9,241.78,25.84,2176.02,1
114,Female,41,West,Clothing,2024-12-22,8,15.41,11.55,123.28,1
115,Male,32,East,Beauty,2024-05-12,5,410.71,169.0,2053.55,1
116,Female,47,South,Home,2025-02-26,4,413.3,11.81,1653.2,0
117,Male,59,West,Home,2025-09-30,7,394.93,54.33,2764.51,1
118,Female,68,West,Sports,2023-05-19,5,145.27,20.75,726.35,0
119,Female,34,West,Home,2025-10-05,7,419.43,59.08,2936.01,1
120,Male,22,North,Clothing,2023-01-18,1,273.78,18.11,273.78,0
121,Female,46,East,Clothing,2022-10-14,1,190.04,133.6,190.04,1
122,Male,21,West,Electronics,2022-11-29,10,314.54,26.67,3145.4,1
123,Female,27,South,Clothing,2023-10-21,3,11.11,170.37,33.33,1
124,Male,34,East,Home,2024-09-04,2,75.77,163.44,151.54,1
125,Male,27,South,Clothing,2022-12-26,2,372.44,2.73,744.88,0
126,Female,34,East,Sports,2022-10-18,7,125.86,179.15,881.02,1
127,Female,37,South,Electronics,2025-08-03,10,301.01,5.79,3010.1,1
128,Male,41,North,Home,2025-03-30,2,195.63,47.93,391.26,0
129,Female,22,West,Electronics,2025-03-16,4,428.13,6.48,1712.52,0
130,Female,51,South,Home,2025-06-06,2,476.45,67.17,952.9,0
131,Female,23,East,Sports,2024-11-16,6,442.36,102.77,2654.16,1
132,Male,19,West,Electronics,2023-02-03,8,138.96,159.33,1111.68,1
133,Male,30,West,Beauty,2023-12-23,10,101.11,67.6,1011.1,1
134,Male,60,East,Home,2024-12-11,4,239.85,141.1,959.4,1
135,Male,60,South,Beauty,2023-08-14,5,8.63,37.5,43.15,0
136,Male,65,North,Electronics,2024-11-02,4,17.78,150.12,71.12,1
137,Male,28,North,Beauty,2022-11-07,3,278.88,47.2,836.64,0
138,Male,68,South,Beauty,2023-09-12,5,262.62,28.71,1313.1,0
139,Male,64,West,Electronics,2024-06-04,9,497.32,37.08,4475.88,1
140,Male,40,West,Sports,2024-09-03,8,104.91,36.41,839.28,1
141,Female,33,West,Beauty,2024-07-04,8,132.76,102.57,1062.08,1
142,Male,48,West,Beauty,2024-11-14,8,61.2,168.96,489.6,1
143,Female,28,South,Sports,2022-10-18,8,459.18,15.92,3673.44,1
144,Female,33,West,Beauty,2023-01-30,7,390.02,141.39,2730.14,1
145,Female,25,East,Beauty,2025-05-20,8,412.06,130.87,3296.48,1
146,Male,21,West,Beauty,2024-10-27,8,451.87,174.5,3614.96,1
147,Male,57,North,Clothing,2023-02-12,8,264.83,48.83,2118.64,1
148,Male,21,West,Sports,2025-04-21,10,228.34,90.02,2283.4,1
149,Male,42,South,Beauty,2023-07-04,7,168.54,185.17,1179.78,1
150,Female,20,North,Sports,2024-03-18,1,296.66,132.0,296.66,1
151,Male,49,South,Home,2023-03-19,4,229.87,77.75,919.48,0
152,Male,20,South,Home,2024-11-27,4,228.52,26.28,914.08,0
153,Male,44,North,Beauty,2024-10-11,5,468.78,52.5,2343.9,0
154,Male,46,South,Sports,2023-05-31,10,492.1,116.24,4921.0,1
155,Male,49,South,Sports,2025-05-14,6,399.26,143.63,2395.56,1
156,Female,67,West,Sports,2023-12-25,4,379.6,24.88,1518.4,0
157,Male,68,East,Clothing,2023-08-28,2,341.88,119.92,683.76,1
158,Female,36,South,Home,2023-03-27,6,87.21,110.07,523.26,1
159,Male,38,South,Sports,2023-07-30,8,34.26,102.79,274.08,1
160,Female,22,South,Sports,2022-11-05,8,346.91,138.02,2775.28,1
161,Male,35,West,Clothing,2024-07-11,7,365.75,167.49,2560.25,1
162,Male,45,East,Clothing,2025-04-21,6,28.25,64.6,169.5,1
163,Female,59,North,Sports,2024-06-04,2,464.39,177.8,928.78,1
164,Female,39,West,Electronics,2023-06-09,7,50.11,32.13,350.77,1
165,Female,38,West,Sports,2022-11-17,5,146.52,34.6,732.6,0
166,Male,23,East,Sports,2023-06-04,6,337.83,53.35,2026.98,1
167,Female,18,East,Clothing,2024-01-10,10,89.09,23.91,890.9,1
168,Male,22,West,Clothing,2025-01-20,8,32.43,46.06,259.44,1
169,Male,58,North,Sports,2023-05-05,8,168.92,21.28,1351.36,1
170,Female,29,West,Sports,2024-12-08,3,384.16,164.35,1152.48,1
171,Female,43,East,Sports,2025-05-18,7,209.77,27.79,1468.39,1
172,Male,63,North,Clothing,2024-02-21,1,328.22,149.46,328.22,1
173,Male,51,East,Sports,2025-03-29,1,291.91,9.58,291.91,0
174,Female,66,North,Sports,2024-06-10,7,16.0,189.7,112.0,1
175,Female,31,South,Beauty,2024-09-08,10,494.33,142.23,4943.3,1
176,Female,43,East,Electronics,2024-05-10,9,25.51,1.36,229.59,1
177,Male,62,East,Home,2024-03-02,7,484.06,152.77,3388.42,1
178,Male,44,West,Electronics,2023-06-25,10,277.18,102.82,2771.8,1
179,Male,26,East,Beauty,2023-09-08,5,481.76,155.87,2408.8,1
180,Male,43,East,Home,2023-08-25,8,61.8,104.5,494.4,1
181,Male,64,South,Sports,2024-06-19,2,247.75,128.2,495.5,1
182,Male,39,East,Beauty,2023-02-20,9,88.9,157.27,800.1,1
183,Female,64,South,Sports,2025-07-11,6,30.23,81.02,181.38,1
184,Male,47,South,Clothing,2024-12-09,9,310.68,0.54,2796.12,1
185,Male,60,South,Beauty,2023-12-25,2,107.85,169.99,215.7,1
186,Male,65,South,Clothing,2023-04-03,3,295.91,76.18,887.73,0
187,Female,34,North,Beauty,2025-06-03,8,60.62,99.21,484.96,1
188,Male,43,West,Beauty,2025-04-01,1,169.33,1.55,169.33,0
189,Male,53,North,Clothing,2024-12-10,10,391.91,98.42,3919.1,1
190,Female,18,East,Home,2023-08-05,7,221.34,197.3,1549.38,1
191,Male,25,North,Electronics,2023-12-26,7,315.73,55.65,2210.11,1
192,Male,66,North,Sports,2023-02-01,1,325.49,79.08,325.49,0
193,Male,52,East,Beauty,2023-05-06,9,422.66,137.44,3803.94,1
194,Male,69,East,Sports,2025-02-15,8,165.84,162.96,1326.72,1
195,Male,32,East,Clothing,2024-12-02,4,345.21,83.48,1380.84,0
196,Female,64,North,Sports,2024-07-22,10,481.0,61.93,4810.0,1
197,Female,39,North,Clothing,2025-06-18,5,366.47,187.57,1832.35,1
198,Female,31,East,Sports,2024-07-11,2,247.49,135.43,494.98,1
199,Male,43,West,Electronics,2024-03-06,9,317.21,23.8,2854.89,1
200,Male,45,West,Electronics,2023-10-19,6,371.14,13.79,2226.84,1
201,Male,40,South,Electronics,2025-08-06,3,308.08,96.71,924.24,0
202,Female,31,East,Electronics,2023-01-10,7,13.25,44.02,92.75,1
203,Male,41,South,Electronics,2025-07-27,9,101.41,50.8,912.69,1
204,Male,19,West,Electronics,2025-04-04,3,406.18,175.54,1218.54,1
205,Female,62,South,Clothing,2023-03-03,2,139.96,17.91,279.92,0
206,Male,43,East,Beauty,2024-06-21,7,367.12,143.07,2569.84,1
207,Female,31,East,Sports,2025-05-17,7,189.2,54.23,1324.4,1
208,Female,68,East,Electronics,2024-06-29,4,263.33,152.07,1053.32,1
209,Female,24,North,Clothing,2025-07-01,9,38.65,144.48,347.85,1
210,Male,20,South,Clothing,2025-08-09,8,94.71,1.48,757.68,1
211,Male,64,West,Clothing,2024-01-17,1,478.81,101.83,478.81,1
212,Male,40,West,Beauty,2023-11-29,1,445.62,27.86,445.62,0
213,Male,63,West,Sports,2025-08-02,5,327.88,173.25,1639.4,1
214,Male,60,North,Beauty,2024-10-20,6,232.52,174.32,1395.12,1
215,Male,64,North,Home,2023-02-16,3,339.5,83.67,1018.5,0
216,Male,62,East,Clothing,2022-11-27,9,311.21,88.88,2800.89,1
217,Female,35,West,Home,2024-06-21,10,286.43,60.66,2864.3,1
218,Male,55,North,Electronics,2025-07-26,6,34.29,143.32,205.74,1
219,Female,52,East,Electronics,2025-04-23,4,318.24,71.73,1272.96,0
220,Male,68,West,Beauty,2024-10-21,7,385.62,53.56,2699.34,1
221,Male,32,South,Sports,2023-03-13,8,497.07,86.45,3976.56,1
222,Male,42,East,Home,2023-07-17,9,10.48,18.3,94.32,1
223,Female,54,North,Sports,2025-05-27,6,366.44,149.32,2198.64,1
224,Female,45,North,Beauty,2023-04-30,6,288.04,2.52,1728.24,1
225,Female,27,East,Electronics,2023-08-12,8,219.86,128.9,1758.88,1
226,Female,56,East,Sports,2023-03-02,5,68.15,36.57,340.75,0
227,Male,34,North,Sports,2024-10-21,3,207.5,46.48,622.5,0
228,Female,56,South,Electronics,2025-08-10,3,180.42,127.13,541.26,1
229,Male,39,West,Home,2023-08-02,6,154.9,198.59,929.4,1
230,Male,43,South,Electronics,2024-03-15,2,366.79,155.54,733.58,1
231,Female,61,East,Sports,2024-09-05,6,351.86,45.17,2111.16,1
232,Female,42,South,Home,2025-10-10,6,296.56,35.2,1779.36,1
233,Female,34,North,Home,2023-02-03,8,469.64,173.25,3757.12,1
234,Female,30,East,Electronics,2024-04-09,7,178.18,88.84,1247.26,1
235,Female,37,West,Sports,2023-12-07,8,125.68,27.41,1005.44,1
236,Female,42,North,Beauty,2025-05-17,9,329.67,172.44,2967.03,1
237,Female,21,North,Sports,2024-03-16,6,103.41,163.22,620.46,1
238,Female,27,West,Clothing,2023-02-10,3,160.93,196.78,482.79,1
239,Male,20,West,Beauty,2024-09-05,10,116.18,181.95,1161.8,1
240,Female,58,South,Home,2025-02-02,3,39.23,170.36,117.69,1
241,Female,62,East,Beauty,2022-10-15,1,414.61,10.51,414.61,0
242,Male,35,West,Home,2025-05-09,5,131.0,20.88,655.0,0
243,Female,64,West,Home,2023-05-03,4,239.15,113.8,956.6,1
244,Male,53,East,Beauty,2024-06-07,9,26.44,106.3,237.96,1
245,Male,64,West,Home,2024-01-10,9,351.17,91.59,3160.53,1
246,Female,39,West,Home,2024-12-08,5,168.63,79.36,843.15,0
247,Male,51,South,Clothing,2023-11-22,10,373.64,86.24,3736.4,1
248,Male,64,North,Sports,2025-05-21,4,209.14,113.86,836.56,1
249,Male,25,North,Sports,2024-12-19,7,101.9,0.42,713.3,1
250,Male,57,North,Clothing,2024-09-20,6,259.02,52.14,1554.12,1
251,Female,66,North,Beauty,2025-03-01,4,69.6,103.66,278.4,1
252,Male,61,West,Electronics,2025-01-14,10,223.07,144.44,2230.7,1
253,Female,36,East,Electronics,2022-11-20,2,162.07,34.83,324.14,0
254,Male,59,East,Electronics,2023-12-18,1,456.42,109.38,456.42,1
255,Male,58,South,Clothing,2025-07-27,4,35.16,142.89,140.64,1
256,Male,54,South,Clothing,2023-02-26,4,348.54,88.93,1394.16,0
257,Male,23,West,Home,2024-12-27,1,95.46,5.42,95.46,0
258,Female,69,East,Electronics,2025-09-13,6,162.93,89.85,977.58,1
259,Female,43,East,Beauty,2022-12-08,4,210.68,59.29,842.72,0
260,Male,51,North,Beauty,2024-10-28,1,454.47,185.93,454.47,1
261,Male,62,West,Electronics,2024-03-07,1,125.08,24.92,125.08,0
262,Female,23,West,Electronics,2024-07-07,1,50.2,130.5,50.2,1
263,Male,54,North,Electronics,2023-01-13,8,162.75,10.54,1302.0,1
264,Male,50,West,Clothing,2022-11-28,10,56.81,89.23,568.1,1
265,Male,39,West,Clothing,2024-10-11,8,68.66,110.8,549.28,1
266,Female,38,South,Clothing,2025-03-31,2,289.06,59.59,578.12,0
267,Female,23,East,Sports,2025-02-14,7,35.15,91.02,246.05,1
268,Female,23,West,Beauty,2024-05-29,8,20.31,32.71,162.48,1
269,Male,65,South,Beauty,2023-01-29,8,358.63,60.82,2869.04,1
270,Male,21,East,Home,2024-11-03,10,184.02,124.22,1840.2,1
271,Female,47,North,Clothing,2023-07-03,7,67.06,60.36,469.42,1
272,Female,28,South,Sports,2025-07-05,5,130.54,179.95,652.7,1
273,Female,47,South,Sports,2025-04-16,1,322.83,125.68,322.83,1
274,Female,48,East,Beauty,2024-11-26,9,141.39,87.73,1272.51,1
275,Male,41,North,Clothing,2025-08-15,7,249.79,7.75,1748.53,1
276,Female,26,South,Home,2022-11-15,2,65.24,99.91,130.48,0
277,Male,20,West,Clothing,2024-12-26,6,296.11,152.96,1776.66,1
278,Female,68,West,Electronics,2023-10-08,2,161.46,53.11,322.92,0
279,Male,48,West,Clothing,2025-06-30,1,315.35,161.35,315.35,1
280,Female,57,North,Electronics,2023-07-31,7,405.16,50.36,2836.12,1
281,Female,54,South,Electronics,2024-12-13,2,307.76,164.75,615.52,1
282,Female,53,West,Home,2025-05-30,2,151.4,17.05,302.8,0
283,Female,41,North,Beauty,2022-11-26,5,131.59,173.24,657.95,1
284,Male,48,West,Clothing,2023-12-21,5,167.07,99.84,835.35,0
285,Female,23,East,Electronics,2025-01-23,7,86.49,59.31,605.43,1
286,Male,19,South,Clothing,2024-02-22,1,94.68,53.02,94.68,0
287,Male,37,South,Beauty,2023-07-31,8,396.39,86.4,3171.12,1
288,Male,45,North,Beauty,2023-06-09,3,195.44,199.81,586.32,1
289,Male,28,North,Sports,2023-03-05,4,220.82,44.07,883.28,0
290,Female,21,South,Beauty,2025-05-07,9,299.05,20.64,2691.45,1
291,Male,32,West,Home,2024-07-03,4,296.88,117.01,1187.52,1
292,Male,23,West,Electronics,2023-01-03,10,38.35,97.71,383.5,1
293,Male,66,East,Sports,2023-12-04,5,416.61,104.84,2083.05,1
294,Female,47,West,Home,2023-11-18,7,92.78,133.39,649.46,1
295,Female,55,North,Clothing,2023-04-29,4,362.92,53.43,1451.68,0
296,Female,68,North,Electronics,2024-01-31,1,387.47,182.13,387.47,1
297,Female,19,West,Beauty,2023-10-10,9,358.88,87.13,3229.92,1
298,Male,32,North,Electronics,2023-10-21,4,291.59,25.82,1166.36,0
299,Male,28,South,Clothing,2024-12-29,9,12.23,148.46,110.07,1
300,Female,25,South,Sports,2023-06-13,6,183.39,128.62,1100.34,1
301,Male,43,West,Sports,2024-09-13,1,304.4,63.15,304.4,0
302,Male,68,South,Sports,2024-06-27,3,196.79,124.3,590.37,1
303,Male,62,South,Beauty,2024-06-25,2,432.42,43.97,864.84,0
304,Female,61,East,Home,2024-10-06,9,157.86,88.97,1420.74,1
305,Female,22,East,Home,2024-06-03,1,150.3,179.88,150.3,1
306,Male,23,South,Electronics,2025-05-31,9,136.67,26.71,1230.03,1
307,Female,43,West,Beauty,2024-10-20,9,169.73,77.34,1527.57,1
308,Female,21,East,Sports,2024-06-01,8,280.92,164.23,2247.36,1
309,Female,36,North,Sports,2025-04-07,8,354.97,193.9,2839.76,1
310,Female,37,North,Clothing,2024-08-05,1,332.97,90.79,332.97,0
311,Female,50,North,Clothing,2023-08-26,8,404.82,101.4,3238.56,1
312,Male,37,West,Sports,2023-05-26,10,443.53,114.43,4435.3,1
313,Female,66,South,Sports,2023-03-27,3,408.96,186.47,1226.88,1
314,Male,29,North,Beauty,2025-06-22,7,14.38,171.64,100.66,1
315,Male,64,West,Home,2024-11-27,1,369.28,34.12,369.28,0
316,Female,18,East,Clothing,2025-08-03,1,108.16,87.35,108.16,0
317,Male,43,South,Home,2024-08-02,10,70.8,92.8,708.0,1
318,Male,31,East,Beauty,2024-03-13,5,321.05,157.82,1605.25,1
319,Male,55,West,Sports,2022-12-16,5,163.27,120.58,816.35,1
320,Female,54,North,Home,2024-10-16,8,33.27,130.84,266.16,1
321,Female,28,North,Sports,2024-07-10,7,73.13,199.64,511.91,1
322,Male,53,West,Sports,2025-09-30,8,5.46,14.99,43.68,1
323,Female,30,North,Electronics,2023-06-30,6,452.1,44.6,2712.6,1
324,Female,60,South,Home,2024-05-15,6,17.19,81.58,103.14,1
325,Female,20,West,Home,2024-09-23,2,108.68,69.56,217.36,0
326,Female,50,East,Sports,2024-09-16,6,211.05,4.33,1266.3,1
327,Male,23,West,Beauty,2024-06-17,5,181.5,18.36,907.5,0
328,Male,67,South,Electronics,2025-02-08,3,456.3,136.19,1368.9,1
329,Female,27,South,Sports,2023-05-24,6,24.94,175.86,149.64,1
330,Female,22,West,Clothing,2024-12-14,8,258.55,102.85,2068.4,1
331,Male,40,West,Clothing,2024-08-20,9,341.84,107.84,3076.56,1
332,Male,27,North,Electronics,2025-06-19,1,466.19,51.02,466.19,0
333,Female,61,South,Beauty,2025-04-26,3,312.08,153.58,936.24,1
334,Male,19,West,Sports,2023-09-22,3,402.86,150.36,1208.58,1
335,Female,30,West,Home,2023-08-10,8,46.44,117.67,371.52,1
336,Female,57,South,Electronics,2025-09-20,1,196.04,42.53,196.04,0
337,Male,19,West,Beauty,2024-05-11,5,190.1,19.4,950.5,0
338,Male,37,North,Home,2025-06-30,3,443.71,12.85,1331.13,0
339,Female,18,South,Clothing,2023-04-09,2,79.93,118.54,159.86,1
340,Female,54,North,Clothing,2024-09-14,8,80.18,165.01,641.44,1
341,Male,26,North,Home,2025-03-16,3,167.64,171.67,502.92,1
342,Female,34,North,Electronics,2025-08-14,7,31.96,92.72,223.72,1
343,Male,26,North,Clothing,2023-10-16,1,95.32,156.85,95.32,1
344,Female,28,South,Sports,2024-12-13,6,482.78,189.38,2896.68,1
345,Male,32,North,Home,2024-05-24,3,216.95,55.03,650.85,0
346,Male,41,North,Home,2022-12-17,8,317.85,79.59,2542.8,1
347,Male,55,West,Clothing,2024-11-05,6,364.43,186.3,2186.58,1
348,Female,52,South,Electronics,2024-11-05,2,186.65,67.65,373.3,0
349,Female,47,South,Sports,2025-07-27,6,77.88,182.78,467.28,1
350,Male,48,East,Electronics,2024-04-08,7,107.26,196.21,750.82,1
351,Female,66,South,Beauty,2023-06-21,5,160.07,132.36,800.35,1
352,Male,22,South,Beauty,2022-11-29,3,319.85,163.38,959.55,1
353,Male,61,East,Clothing,2024-01-10,4,202.15,149.91,808.6,1
354,Female,67,South,Clothing,2023-09-07,4,8.37,139.91,33.48,1
355,Female,31,South,Clothing,2025-01-22,6,264.09,61.39,1584.54,1
356,Male,28,South,Beauty,2023-11-03,10,461.15,11.42,4611.5,1
357,Female,26,South,Electronics,2025-08-16,1,406.98,68.61,406.98,0
358,Female,51,East,Electronics,2025-08-30,4,413.48,133.39,1653.92,1
359,Male,29,South,Clothing,2024-08-21,10,398.55,20.51,3985.5,1
360,Male,52,South,Sports,2025-07-24,4,165.25,2.38,661.0,0
361,Female,52,East,Electronics,2025-01-22,10,383.77,27.94,3837.7,1
362,Male,18,West,Beauty,2024-06-01,1,75.86,143.15,75.86,1
363,Male,57,North,Home,2023-04-27,9,330.57,194.56,2975.13,1
364,Female,39,West,Home,2024-02-26,4,322.58,196.61,1290.32,1
365,Male,46,East,Home,2024-06-17,7,17.66,98.8,123.62,1
366,Male,25,North,Sports,2025-05-15,3,395.05,173.87,1185.15,1
367,Female,28,East,Clothing,2024-03-22,10,452.11,147.37,4521.1,1
368,Female,58,East,Beauty,2025-06-20,3,137.37,100.21,412.11,1
369,Male,54,South,Sports,2024-10-19,8,407.13,114.55,3257.04,1
370,Male,31,North,Beauty,2023-03-11,8,45.79,27.45,366.32,1
371,Female,47,South,Beauty,2025-10-05,1,301.98,187.53,301.98,1
372,Female,52,North,Clothing,2024-05-11,10,245.4,70.39,2454.0,1
373,Female,38,East,Home,2023-12-15,2,275.23,89.23,550.46,0
374,Female,54,East,Clothing,2024-10-02,8,463.47,134.33,3707.76,1
375,Male,22,West,Sports,2023-02-08,1,436.3,66.78,436.3,0
376,Female,36,North,Sports,2024-09-08,8,393.62,50.85,3148.96,1
377,Female,31,South,Sports,2024-04-09,8,140.48,126.21,1123.84,1
378,Male,43,West,Clothing,2023-12-31,2,456.35,5.0,912.7,0
379,Female,21,West,Beauty,2025-08-20,4,53.27,144.15,213.08,1
380,Male,42,West,Beauty,2024-05-06,6,427.4,102.8,2564.4,1
381,Female,62,South,Electronics,2023-06-08,9,167.44,121.15,1506.96,1
382,Female,59,West,Sports,2024-02-26,8,31.62,126.38,252.96,1
383,Female,42,South,Beauty,2025-07-14,8,336.33,105.41,2690.64,1
384,Male,35,West,Electronics,2023-04-22,7,119.48,116.51,836.36,1
385,Male,57,South,Beauty,2023-06-03,9,125.57,136.76,1130.13,1
386,Female,25,East,Sports,2022-10-26,2,156.49,150.62,312.98,1
387,Male,56,East,Home,2022-10-27,3,36.52,145.49,109.56,1
388,Male,57,East,Sports,2025-04-07,10,92.68,173.92,926.8,1
389,Male,31,East,Clothing,2024-12-21,8,7.54,37.89,60.32,1
390,Male,49,East,Beauty,2023-11-04,6,225.48,80.23,1352.88,1
391,Male,68,West,Beauty,2024-11-14,10,46.71,189.56,467.1,1
392,Male,55,West,Clothing,2023-12-18,9,342.91,79.32,3086.19,1
393,Female,50,West,Clothing,2025-08-20,10,121.63,24.97,1216.3,1
394,Female,40,South,Home,2025-09-04,4,472.07,105.09,1888.28,1
395,Male,32,South,Beauty,2023-12-16,8,436.27,21.9,3490.16,1
396,Female,50,South,Beauty,2025-05-04,10,148.27,40.57,1482.7,1
397,Female,42,South,Home,2025-02-04,3,392.69,199.66,1178.07,1
398,Female,34,East,Electronics,2023-09-16,3,402.61,108.27,1207.83,1
399,Female,50,East,Home,2023-06-23,8,493.35,56.81,3946.8,1
400,Male,64,East,Sports,2024-02-25,5,300.93,198.95,1504.65,1
401,Female,19,North,Beauty,2025-02-13,3,45.57,193.31,136.71,1
402,Female,31,West,Clothing,2025-08-28,10,325.18,88.15,3251.8,1
403,Male,57,South,Sports,2025-01-25,1,314.36,52.08,314.36,0
404,Male,57,South,Beauty,2025-05-05,3,320.98,167.68,962.94,1
405,Female,68,East,Home,2024-08-02,9,157.04,143.12,1413.36,1
406,Female,56,South,Sports,2025-04-13,5,430.54,137.39,2152.7,1
407,Female,68,South,Beauty,2025-02-16,10,479.94,178.62,4799.4,1
408,Female,23,West,Electronics,2023-11-28,2,112.77,137.88,225.54,1
409,Female,23,East,Electronics,2024-06-07,7,48.64,56.76,340.48,1
410,Female,20,West,Clothing,2025-03-11,2,101.29,138.77,202.58,1
411,Male,24,North,Beauty,2022-12-01,4,411.17,61.16,1644.68,0
412,Female,68,North,Electronics,2025-03-14,7,339.94,151.85,2379.58,1
413,Female,25,North,Home,2023-04-24,4,319.84,123.95,1279.36,1
414,Male,59,East,Beauty,2024-04-27,7,203.89,15.48,1427.23,1
415,Male,69,South,Home,2025-03-15,7,291.02,102.57,2037.14,1
416,Male,32,East,Home,2023-07-16,1,157.4,68.66,157.4,0
417,Male,64,East,Electronics,2023-07-08,6,241.21,65.71,1447.26,1
418,Female,46,South,Beauty,2023-12-27,9,397.57,120.45,3578.13,1
419,Female,50,West,Sports,2025-06-17,2,490.71,64.46,981.42,0
420,Female,69,North,Electronics,2022-10-12,3,466.58,155.38,1399.74,1
421,Female,47,West,Electronics,2025-06-25,10,467.26,14.16,4672.6,1
422,Female,56,North,Beauty,2023-03-29,5,204.1,132.08,1020.5,1
423,Female,44,East,Beauty,2025-09-30,9,237.05,161.84,2133.45,1
424,Male,53,North,Home,2025-08-22,4,354.29,134.57,1417.16,1
425,Female,46,East,Beauty,2024-04-05,1,461.49,99.45,461.49,0
426,Male,55,West,Home,2024-04-25,4,75.29,190.06,301.16,1
427,Male,50,East,Electronics,2024-03-22,6,155.6,59.99,933.6,1
428,Female,54,West,Clothing,2024-09-06,5,73.93,3.83,369.65,0
429,Male,44,South,Sports,2023-01-19,1,307.94,86.4,307.94,0
430,Female,50,South,Electronics,2022-11-16,4,156.62,6.6,626.48,0
431,Male,21,South,Beauty,2022-12-14,6,166.42,190.79,998.52,1
432,Female,39,East,Sports,2024-02-10,10,40.1,41.98,401.0,1
433,Male,19,South,Clothing,2023-08-09,10,178.15,157.79,1781.5,1
434,Female,27,North,Clothing,2024-08-23,4,431.94,154.91,1727.76,1
435,Female,22,West,Home,2025-10-02,9,120.37,43.55,1083.33,1
436,Female,27,West,Sports,2023-12-09,5,349.12,124.25,1745.6,1
437,Female,50,North,Home,2024-07-01,8,316.67,9.62,2533.36,1
438,Female,55,East,Electronics,2024-01-10,9,432.42,96.71,3891.78,1
439,Male,30,East,Sports,2025-04-26,10,70.48,2.93,704.8,1
440,Male,48,West,Electronics,2025-06-25,5,488.91,184.23,2444.55,1
441,Male,64,South,Home,2025-05-29,6,293.4,195.22,1760.4,1
442,Female,53,East,Sports,2025-09-12,1,497.76,44.46,497.76,0
443,Male,62,East,Home,2022-11-11,7,456.2,41.62,3193.4,1
444,Female,41,North,Sports,2025-04-18,4,114.65,150.74,458.6,1
445,Female,69,North,Home,2025-01-12,2,32.8,50.68,65.6,0
446,Male,32,South,Clothing,2023-06-19,5,131.54,179.02,657.7,1
447,Male,46,East,Home,2025-08-24,3,266.14,114.79,798.42,1
448,Female,25,East,Clothing,2023-03-23,6,89.94,70.16,539.64,1
449,Male,22,North,Home,2024-10-25,8,87.89,166.54,703.12,1
450,Female,46,East,Sports,2023-06-15,7,233.98,98.68,1637.86,1
451,Female,64,West,Sports,2024-01-27,3,21.47,182.33,64.41,1
452,Female,21,North,Sports,2024-12-07,8,65.33,185.6,522.64,1
453,Female,29,South,Beauty,2024-06-19,2,210.85,33.08,421.7,0
454,Female,62,North,Electronics,2024-01-23,10,36.25,0.46,362.5,1
455,Male,19,East,Sports,2023-10-04,9,201.39,196.79,1812.51,1
456,Male,44,South,Clothing,2025-04-18,4,239.63,181.23,958.52,1
457,Female,48,North,Sports,2023-03-18,1,228.38,11.09,228.38,0
458,Female,68,West,Beauty,2024-01-25,8,435.24,166.61,3481.92,1
459,Male,68,West,Clothing,2025-06-27,7,267.38,91.56,1871.66,1
460,Male,53,North,Beauty,2025-04-25,5,236.65,51.79,1183.25,0
461,Female,53,West,Clothing,2023-12-25,10,208.3,175.75,2083.0,1
462,Male,43,West,Home,2025-01-24,5,409.72,39.33,2048.6,0
463,Female,60,West,Electronics,2025-03-31,7,448.05,189.46,3136.35,1
464,Male,44,South,Electronics,2025-06-11,5,427.36,41.12,2136.8,0
465,Female,22,West,Beauty,2024-05-30,8,338.41,122.74,2707.28,1
466,Male,37,West,Electronics,2023-05-23,6,72.99,44.62,437.94,1
467,Female,28,West,Beauty,2023-07-18,5,142.05,109.13,710.25,1
468,Male,27,South,Beauty,2023-08-31,9,27.8,136.8,250.2,1
469,Male,57,North,Beauty,2024-07-23,2,465.76,38.05,931.52,0
470,Female,55,East,Electronics,2022-11-16,1,332.1,104.18,332.1,1
471,Male,23,West,Beauty,2024-09-07,8,374.45,93.81,2995.6,1
472,Female,25,North,Electronics,2023-11-14,3,159.23,14.21,477.69,0
473,Male,40,West,Beauty,2023-08-31,7,423.6,163.66,2965.2,1
474,Female,64,South,Sports,2025-06-01,10,133.5,67.14,1335.0,1
475,Male,43,North,Beauty,2024-02-27,8,5.81,114.92,46.48,1
476,Female,63,South,Clothing,2023-01-24,6,191.33,102.96,1147.98,1
477,Male,60,West,Beauty,2025-04-04,10,287.53,102.65,2875.3,1
478,Female,29,West,Home,2022-12-03,9,241.96,21.44,2177.64,1
479,Male,43,South,Beauty,2024-12-15,7,431.73,84.7,3022.11,1
480,Female,30,East,Clothing,2025-02-05,10,57.18,90.47,571.8,1
481,Female,57,South,Clothing,2023-11-02,5,279.14,146.73,1395.7,1
482,Female,35,West,Electronics,2025-04-02,8,258.92,168.0,2071.36,1
483,Male,42,South,Sports,2024-04-28,2,144.29,109.0,288.58,1
484,Female,50,East,Beauty,2024-03-02,7,412.0,17.36,2884.0,1
485,Male,64,South,Electronics,2022-11-30,4,377.66,47.37,1510.64,0
486,Female,57,East,Sports,2023-08-25,9,367.77,32.99,3309.93,1
487,Male,60,East,Beauty,2025-07-27,1,438.72,24.92,438.72,0
488,Female,29,South,Home,2023-12-15,7,362.78,73.18,2539.46,1
489,Male,61,South,Beauty,2024-06-01,6,119.76,45.88,718.56,1
490,Male,53,North,Clothing,2024-05-16,8,354.25,43.66,2834.0,1
491,Female,65,West,Clothing,2024-07-19,5,157.31,10.94,786.55,0
492,Male,21,East,Home,2022-12-18,1,124.88,3.53,124.88,0
493,Male,22,North,Electronics,2023-11-12,1,41.14,20.55,41.14,0
494,Female,54,South,Sports,2024-12-11,9,373.29,34.44,3359.61,1
495,Male,25,West,Beauty,2023-05-19,10,356.95,86.2,3569.5,1
496,Male,59,North,Clothing,2023-05-22,6,121.08,102.1,726.48,1
497,Male,66,East,Electronics,2022-10-23,10,375.94,28.12,3759.4,1
498,Female,45,North,Home,2024-02-03,5,459.33,84.96,2296.65,0
499,Male,48,East,Clothing,2025-06-04,1,58.47,68.35,58.47,0
500,Female,26,South,Home,2022-12-07,6,120.16,36.68,720.96,1
501,Male,68,West,Beauty,2023-05-09,6,376.38,1.37,2258.28,1
502,Male,46,West,Sports,2023-09-16,3,140.88,93.4,422.64,0
503,Male,31,West,Clothing,2024-12-21,8,314.21,137.13,2513.68,1
504,Female,57,South,Clothing,2024-09-12,1,45.18,45.26,45.18,0
505,Male,58,East,Beauty,2024-01-10,1,228.84,26.36,228.84,0
506,Male,39,South,Electronics,2025-01-20,6,370.85,177.41,2225.1,1
507,Female,28,West,Sports,2024-08-09,10,344.82,55.0,3448.2,1
508,Male,40,South,Clothing,2025-06-19,1,408.46,44.72,408.46,0
509,Female,18,South,Sports,2025-03-25,6,439.34,171.42,2636.04,1
510,Female,63,South,Clothing,2023-07-15,1,387.73,163.42,387.73,1
511,Male,54,East,Sports,2023-08-05,6,337.44,89.67,2024.64,1
512,Female,38,North,Home,2023-02-26,3,20.7,97.85,62.1,0
513,Male,43,North,Clothing,2023-10-15,8,269.81,43.55,2158.48,1
514,Female,63,South,Sports,2025-10-10,6,23.66,15.66,141.96,1
515,Female,53,North,Electronics,2023-12-30,1,404.99,114.69,404.99,1
516,Male,40,North,Home,2023-06-10,5,163.76,19.67,818.8,0
517,Female,18,South,Home,2025-01-23,8,283.4,89.85,2267.2,1
518,Female,68,South,Electronics,2024-05-28,3,143.33,188.1,429.99,1
519,Female,57,West,Sports,2023-03-24,6,392.34,190.57,2354.04,1
520,Female,32,North,Beauty,2023-12-02,5,443.82,47.87,2219.1,0
521,Female,38,East,Electronics,2024-01-08,6,202.33,124.82,1213.98,1
522,Male,64,South,Sports,2025-01-14,10,432.15,94.82,4321.5,1
523,Female,26,West,Electronics,2022-11-03,1,137.2,175.14,137.2,1
524,Male,26,East,Electronics,2023-08-02,7,269.66,54.29,1887.62,1
525,Female,27,North,Clothing,2024-04-30,9,430.09,0.74,3870.81,1
526,Male,69,West,Sports,2023-08-02,2,166.31,32.51,332.62,0
527,Male,43,South,Beauty,2024-08-30,10,477.25,69.9,4772.5,1
528,Female,58,East,Clothing,2024-03-22,5,65.33,63.14,326.65,0
529,Female,52,South,Electronics,2023-11-12,10,14.05,158.27,140.5,1
530,Female,69,North,Electronics,2025-08-16,4,452.55,136.11,1810.2,1
531,Male,42,East,Electronics,2024-09-03,6,38.98,59.91,233.88,1
532,Female,43,North,Sports,2023-03-03,6,495.99,91.55,2975.94,1
533,Male,28,North,Sports,2024-06-16,2,475.94,19.11,951.88,0
534,Male,55,West,Clothing,2025-02-12,2,72.83,179.63,145.66,1
535,Male,19,South,Beauty,2024-11-25,4,271.1,187.08,1084.4,1
536,Female,24,East,Clothing,2023-04-18,1,96.54,195.96,96.54,1
537,Female,35,North,Home,2025-09-10,9,216.94,173.71,1952.46,1
538,Male,44,North,Electronics,2024-02-15,7,35.41,34.79,247.87,1
539,Male,51,East,Electronics,2023-04-04,7,115.84,9.24,810.88,1
540,Female,44,North,Electronics,2023-04-27,3,184.82,115.92,554.46,1
541,Male,34,West,Clothing,2023-01-27,3,222.13,182.52,666.39,1
542,Female,60,West,Clothing,2025-03-09,1,488.86,35.47,488.86,0
543,Male,61,West,Electronics,2023-02-22,3,404.89,1.41,1214.67,0
544,Female,68,West,Clothing,2023-02-26,3,370.02,161.1,1110.06,1
545,Male,41,North,Sports,2025-04-30,4,270.84,15.36,1083.36,0
546,Female,42,East,Sports,2023-10-24,4,420.8,82.74,1683.2,0
547,Male,24,East,Clothing,2022-11-14,3,172.96,135.78,518.88,1
548,Female,69,East,Electronics,2022-12-07,10,355.91,47.36,3559.1,1
549,Female,23,East,Clothing,2023-03-16,8,496.92,16.79,3975.36,1
550,Male,41,South,Clothing,2023-06-02,8,160.74,154.0,1285.92,1
551,Male,50,East,Clothing,2024-10-09,1,338.64,126.04,338.64,1
552,Female,66,South,Home,2023-04-02,7,422.94,197.7,2960.58,1
553,Male,46,South,Sports,2023-02-19,2,458.32,68.86,916.64,0
554,Female,60,West,Beauty,2025-01-26,1,360.38,12.35,360.38,0
555,Male,39,South,Beauty,2024-10-15,3,145.39,146.87,436.17,1
556,Female,43,North,Home,2024-01-31,4,166.51,104.35,666.04,1
557,Female,45,South,Clothing,2024-06-04,6,15.28,42.64,91.68,1
558,Female,67,West,Home,2023-09-18,10,381.64,156.35,3816.4,1
559,Female,38,South,Home,2024-03-23,5,26.16,40.75,130.8,0
560,Female,66,North,Electronics,2024-04-18,4,433.0,52.13,1732.0,0
561,Female,24,North,Sports,2023-12-10,8,63.74,18.51,509.92,1
562,Male,34,North,Beauty,2025-06-30,4,90.08,79.89,360.32,0
563,Male,37,West,Clothing,2022-10-29,10,240.88,83.79,2408.8,1
564,Male,58,West,Beauty,2025-02-14,2,370.25,102.91,740.5,1
565,Female,66,East,Beauty,2023-02-25,3,73.81,141.79,221.43,1
566,Female,37,West,Sports,2025-03-03,6,222.84,181.22,1337.04,1
567,Female,39,North,Beauty,2024-08-16,8,244.01,27.55,1952.08,1
568,Female,45,North,Beauty,2025-04-22,8,110.08,10.87,880.64,1
569,Male,57,West,Home,2023-01-26,9,62.2,3.71,559.8,1
570,Male,66,South,Sports,2024-06-15,7,419.03,28.72,2933.21,1
571,Female,24,West,Electronics,2024-04-12,2,253.72,131.59,507.44,1
572,Male,18,West,Clothing,2024-11-23,8,12.12,145.5,96.96,1
573,Male,49,North,Beauty,2024-05-19,7,402.48,157.3,2817.36,1
574,Female,30,East,Clothing,2024-05-26,8,490.49,48.74,3923.92,1
575,Male,47,North,Electronics,2024-01-25,3,304.93,61.18,914.79,0
576,Female,40,East,Clothing,2023-09-15,7,254.34,96.63,1780.38,1
577,Male,68,North,Electronics,2024-03-23,10,439.82,12.64,4398.2,1
578,Female,36,West,Home,2023-02-18,9,476.5,122.23,4288.5,1
579,Female,49,North,Beauty,2025-08-29,3,378.5,196.75,1135.5,1
580,Female,47,North,Electronics,2024-12-02,10,225.5,72.16,2255.0,1
581,Female,46,North,Clothing,2025-08-19,6,298.15,150.57,1788.9,1
582,Male,66,West,Beauty,2023-06-17,2,351.96,100.01,703.92,1
583,Female,62,West,Home,2025-05-31,2,101.17,25.56,202.34,0
584,Female,46,West,Beauty,2025-03-15,5,226.36,116.45,1131.8,1
585,Female,47,West,Electronics,2024-10-22,5,415.76,59.97,2078.8,0
586,Male,33,East,Home,2024-08-26,7,329.09,6.88,2303.63,1
587,Female,57,East,Clothing,2023-09-23,2,208.55,126.99,417.1,1
588,Male,36,South,Home,2025-03-23,7,333.36,171.79,2333.52,1
589,Female,35,West,Home,2024-04-13,5,63.52,68.95,317.6,0
590,Male,18,East,Sports,2022-12-28,6,203.74,78.06,1222.44,1
591,Male,31,North,Home,2023-09-19,8,397.6,178.2,3180.8,1
592,Female,68,West,Home,2025-08-01,10,114.15,162.72,1141.5,1
593,Male,64,South,Beauty,2025-04-30,4,97.05,142.99,388.2,1
594,Female,67,South,Clothing,2025-09-21,7,475.66,49.76,3329.62,1
595,Female,19,South,Beauty,2024-08-29,6,108.9,182.04,653.4,1
596,Female,45,North,Beauty,2023-07-10,10,134.15,30.88,1341.5,1
597,Male,66,East,Electronics,2023-04-08,2,484.96,125.35,969.92,1
598,Male,67,North,Beauty,2023-05-04,8,368.68,5.76,2949.44,1
599,Female,47,West,Sports,2022-11-02,10,351.3,128.74,3513.0,1
600,Female,55,South,Sports,2023-12-13,9,427.2,55.43,3844.8,1
601,Male,68,North,Electronics,2023-05-09,5,62.33,89.94,311.65,0
602,Female,21,North,Clothing,2024-01-05,10,354.45,69.05,3544.5,1
603,Female,18,East,Clothing,2025-07-31,4,254.33,34.55,1017.32,0
604,Female,25,East,Beauty,2024-01-26,6,415.43,124.4,2492.58,1
605,Male,46,South,Beauty,2025-05-30,8,256.53,176.4,2052.24,1
606,Male,56,North,Beauty,2024-08-05,3,312.02,191.82,936.06,1
607,Male,20,North,Clothing,2023-07-09,10,241.48,38.47,2414.8,1
608,Female,49,East,Home,2023-11-05,1,241.69,143.47,241.69,1
609,Female,27,North,Sports,2023-01-11,4,385.15,132.87,1540.6,1
610,Female,27,North,Home,2023-10-12,4,316.14,68.68,1264.56,0
611,Male,36,North,Home,2024-10-22,1,318.47,3.82,318.47,0
612,Female,63,East,Clothing,2022-12-29,9,227.89,137.96,2051.01,1
613,Female,51,South,Home,2023-05-24,3,267.9,189.1,803.7,1
614,Female,50,West,Electronics,2023-12-03,5,374.13,126.42,1870.65,1
615,Female,40,South,Beauty,2025-09-21,6,413.84,87.06,2483.04,1
616,Male,45,West,Electronics,2025-02-17,8,349.8,105.03,2798.4,1
617,Male,49,North,Sports,2024-12-23,6,462.42,39.93,2774.52,1
618,Female,67,South,Beauty,2023-02-16,3,411.06,150.11,1233.18,1
619,Male,24,West,Home,2025-02-13,6,283.12,149.28,1698.72,1
620,Male,46,East,Sports,2025-02-17,1,337.35,29.1,337.35,0
621,Female,25,East,Beauty,2024-07-31,4,463.52,175.6,1854.08,1
622,Female,18,South,Home,2025-09-30,6,311.49,53.84,1868.94,1
623,Male,20,South,Electronics,2023-10-03,7,413.28,196.45,2892.96,1
624,Female,41,North,Beauty,2025-08-07,10,345.96,76.58,3459.6,1
625,Male,40,South,Home,2025-07-09,3,278.21,35.58,834.63,0
626,Female,25,North,Electronics,2022-10-24,9,124.71,70.34,1122.39,1
627,Male,64,North,Sports,2024-02-16,7,215.87,88.04,1511.09,1
628,Female,54,East,Sports,2025-09-15,1,484.03,13.86,484.03,0
629,Male,20,East,Sports,2023-02-01,2,330.59,115.64,661.18,1
630,Male,68,West,Sports,2024-06-02,1,284.38,119.53,284.38,1
631,Male,50,East,Clothing,2025-09-17,9,466.81,147.79,4201.29,1
632,Female,45,East,Beauty,2024-06-11,9,295.32,5.83,2657.88,1
633,Male,64,South,Beauty,2023-05-07,7,265.41,108.25,1857.87,1
634,Male,25,East,Clothing,2024-07-10,10,380.86,10.58,3808.6,1
635,Female,51,West,Home,2023-05-23,3,357.77,140.23,1073.31,1
636,Female,52,South,Home,2024-05-03,5,100.61,11.15,503.05,0
637,Male,49,West,Sports,2023-01-01,4,238.3,182.35,953.2,1
638,Male,41,East,Electronics,2024-08-05,7,238.9,140.42,1672.3,1
639,Female,31,West,Home,2024-04-29,9,192.22,101.48,1729.98,1
640,Female,49,South,Electronics,2024-12-30,2,261.06,88.3,522.12,0
641,Female,63,North,Beauty,2024-09-01,8,209.49,26.13,1675.92,1
642,Female,60,West,Electronics,2024-06-04,9,103.68,58.2,933.12,1
643,Female,33,West,Beauty,2024-11-05,10,209.12,173.79,2091.2,1
644,Male,21,South,Clothing,2023-03-18,10,40.78,180.89,407.8,1
645,Female,69,South,Clothing,2024-07-24,9,290.01,0.15,2610.09,1
646,Male,54,West,Sports,2023-04-18,10,427.56,118.83,4275.6,1
647,Male,38,East,Home,2025-07-21,7,364.02,143.86,2548.14,1
648,Male,31,West,Sports,2022-12-25,9,183.4,123.75,1650.6,1
649,Female,48,South,Beauty,2024-01-26,9,48.1,16.34,432.9,1
650,Male,65,North,Sports,2024-11-11,3,105.06,43.54,315.18,0
651,Male,35,North,Electronics,2024-02-25,4,275.02,50.07,1100.08,0
652,Female,24,East,Beauty,2023-01-20,2,107.49,166.34,214.98,1
653,Male,27,West,Clothing,2024-06-08,10,274.27,92.64,2742.7,1
654,Male,24,North,Home,2024-09-13,3,119.64,97.37,358.92,0
655,Female,50,West,Beauty,2024-11-20,5,425.22,186.98,2126.1,1
656,Male,40,South,Beauty,2023-11-24,5,201.65,127.42,1008.25,1
657,Male,38,North,Electronics,2024-06-20,6,126.55,179.73,759.3,1
658,Male,36,East,Home,2024-02-17,7,407.1,91.3,2849.7,1
659,Female,65,South,Clothing,2024-10-16,7,174.71,29.89,1222.97,1
660,Female,36,East,Beauty,2024-07-11,1,60.19,185.99,60.19,1
661,Female,53,South,Beauty,2024-05-09,2,287.35,91.74,574.7,0
662,Male,46,North,Electronics,2023-07-12,9,292.87,36.33,2635.83,1
663,Male,35,East,Sports,2022-10-14,10,358.77,60.48,3587.7,1
664,Female,19,East,Clothing,2023-04-20,2,123.91,10.16,247.82,0
665,Male,18,South,Home,2023-02-17,6,224.67,93.66,1348.02,1
666,Male,64,East,Beauty,2024-02-15,1,144.77,170.63,144.77,1
667,Female,22,South,Beauty,2024-08-12,3,45.07,186.72,135.21,1
668,Female,37,South,Clothing,2023-06-02,2,438.92,186.52,877.84,1
669,Male,28,South,Sports,2025-08-05,3,365.79,25.05,1097.37,0
670,Male,59,South,Beauty,2022-10-19,5,154.22,76.41,771.1,0
671,Male,19,North,Clothing,2025-02-03,10,301.69,5.65,3016.9,1
672,Female,20,South,Electronics,2024-08-26,6,104.63,171.03,627.78,1
673,Female,40,West,Sports,2023-11-25,9,445.67,71.75,4011.03,1
674,Female,29,East,Home,2022-12-06,10,61.88,126.22,618.8,1
675,Female,37,West,Beauty,2024-08-29,4,6.9,142.98,27.6,1
676,Male,22,North,Clothing,2023-12-08,7,253.49,85.97,1774.43,1
677,Female,54,West,Electronics,2025-08-02,6,293.65,61.29,1761.9,1
678,Female,55,East,Home,2024-05-27,2,291.59,192.44,583.18,1
679,Female,47,West,Clothing,2025-08-05,10,31.98,192.9,319.8,1
680,Female,26,North,Clothing,2023-06-10,8,160.45,57.89,1283.6,1
681,Female,51,South,Home,2024-12-14,7,252.1,95.93,1764.7,1
682,Male,61,West,Electronics,2024-08-17,7,112.21,194.57,785.47,1
683,Male,52,North,Electronics,2024-12-29,8,436.95,0.97,3495.6,1
684,Female,69,North,Sports,2023-06-04,1,48.12,82.54,48.12,0
685,Male,39,East,Beauty,2024-10-09,1,246.26,20.09,246.26,0
686,Female,61,East,Home,2024-04-09,8,347.25,101.83,2778.0,1
687,Female,41,West,Home,2025-01-02,4,134.57,4.93,538.28,0
688,Male,34,South,Home,2023-10-05,5,314.0,81.38,1570.0,0
689,Male,27,North,Electronics,2025-06-12,8,415.55,44.14,3324.4,1
690,Female,47,West,Beauty,2023-01-12,5,99.22,106.66,496.1,1
691,Female,63,North,Sports,2025-03-13,10,459.02,199.2,4590.2,1
692,Female,40,North,Clothing,2025-05-12,4,279.01,160.11,1116.04,1
693,Male,49,South,Clothing,2025-03-24,6,153.12,169.13,918.72,1
694,Female,34,South,Home,2024-04-25,5,218.27,127.05,1091.35,1
695,Female,67,West,Beauty,2024-02-04,7,159.53,8.31,1116.71,1
696,Female,68,South,Electronics,2025-10-06,10,363.93,41.36,3639.3,1
697,Male,34,South,Beauty,2023-06-19,7,399.17,185.01,2794.19,1
698,Female,31,West,Beauty,2024-06-01,4,417.3,73.22,1669.2,0
699,Female,26,South,Electronics,2024-10-15,5,492.96,20.73,2464.8,0
700,Male,57,East,Home,2024-11-17,3,396.69,140.48,1190.07,1
701,Female,19,North,Beauty,2023-05-23,4,302.69,59.89,1210.76,0
702,Female,62,North,Clothing,2024-09-27,4,172.91,53.77,691.64,0
703,Male,42,North,Electronics,2025-03-26,3,274.57,199.6,823.71,1
704,Female,56,North,Sports,2022-12-05,10,25.33,171.63,253.3,1
705,Male,26,West,Home,2025-07-06,5,373.69,81.59,1868.45,0
706,Male,39,North,Electronics,2022-11-13,5,225.75,196.05,1128.75,1
707,Female,60,North,Sports,2023-11-05,7,14.91,130.02,104.37,1
708,Female,63,North,Sports,2022-10-29,4,35.94,148.4,143.76,1
709,Female,21,North,Beauty,2023-01-04,4,196.8,6.3,787.2,0
710,Female,43,East,Beauty,2025-07-05,9,293.79,24.32,2644.11,1
711,Male,46,North,Beauty,2023-11-04,6,234.78,126.62,1408.68,1
712,Female,62,East,Electronics,2024-01-20,4,311.51,179.8,1246.04,1
713,Male,51,West,Electronics,2023-06-04,2,242.75,124.75,485.5,1
714,Female,40,South,Home,2024-07-26,6,332.54,26.8,1995.24,1
715,Female,54,North,Beauty,2024-07-24,2,113.47,23.15,226.94,0
716,Female,28,South,Sports,2023-11-23,5,60.86,168.84,304.3,1
717,Male,23,South,Clothing,2023-10-11,6,300.23,27.86,1801.38,1
718,Female,35,West,Home,2025-06-07,4,244.92,104.05,979.68,1
719,Female,38,South,Electronics,2023-12-05,3,18.3,7.42,54.9,0
720,Female,59,East,Home,2024-04-04,7,193.34,16.13,1353.38,1
721,Female,53,South,Home,2023-08-18,2,57.53,134.47,115.06,1
722,Male,58,South,Home,2025-02-19,6,268.02,137.84,1608.12,1
723,Female,55,South,Home,2023-12-21,4,200.91,68.29,803.64,0
724,Male,51,North,Clothing,2024-04-26,6,308.51,43.12,1851.06,1
725,Male,34,North,Beauty,2023-07-16,4,403.77,162.74,1615.08,1
726,Male,54,East,Sports,2025-09-27,4,153.34,43.42,613.36,0
727,Male,42,East,Home,2023-08-27,4,481.24,108.41,1924.96,1
728,Male,55,North,Home,2025-02-01,9,270.14,193.64,2431.26,1
729,Male,29,East,Home,2024-01-23,7,311.05,29.57,2177.35,1
730,Female,40,North,Beauty,2023-05-25,3,341.93,188.18,1025.79,1
731,Male,59,West,Electronics,2025-03-05,3,335.03,36.58,1005.09,0
732,Male,39,South,Electronics,2023-10-12,6,257.93,113.49,1547.58,1
733,Male,38,South,Clothing,2025-05-16,6,217.24,75.4,1303.44,1
734,Female,44,East,Electronics,2025-07-10,4,31.62,192.99,126.48,1
735,Female,48,North,Home,2025-05-10,9,15.93,54.71,143.37,1
736,Male,23,North,Home,2022-11-19,4,182.19,79.93,728.76,0
737,Female,44,East,Home,2025-02-20,9,170.16,196.57,1531.44,1
738,Male,57,North,Clothing,2024-01-05,4,196.91,107.29,787.64,1
739,Male,51,West,Home,2025-05-25,2,73.49,100.53,146.98,1
740,Female,29,South,Electronics,2024-09-09,2,370.39,51.56,740.78,0
741,Male,62,East,Beauty,2025-04-11,5,429.2,140.27,2146.0,1
742,Female,24,East,Beauty,2024-04-10,4,469.66,2.87,1878.64,0
743,Female,27,North,Sports,2024-05-19,7,248.72,9.9,1741.04,1
744,Male,62,East,Electronics,2023-03-19,5,351.93,119.87,1759.65,1
745,Male,34,West,Home,2025-02-16,6,428.5,68.33,2571.0,1
746,Female,43,North,Beauty,2024-01-14,10,212.05,190.66,2120.5,1
747,Male,38,North,Electronics,2024-04-11,4,158.16,180.64,632.64,1
748,Male,45,North,Beauty,2025-02-17,2,468.68,142.74,937.36,1
749,Male,63,North,Home,2024-07-28,10,260.26,163.63,2602.6,1
750,Female,19,West,Beauty,2023-05-20,9,251.14,133.47,2260.26,1
751,Female,60,North,Sports,2024-07-19,10,93.32,25.12,933.2,1
752,Male,18,East,Sports,2024-01-01,7,58.54,153.11,409.78,1
753,Female,68,West,Beauty,2024-03-09,4,421.84,42.04,1687.36,0
754,Female,53,South,Electronics,2022-11-12,3,309.0,64.69,927.0,0
755,Female,68,South,Electronics,2023-05-29,10,166.28,163.85,1662.8,1
756,Female,43,East,Electronics,2023-08-15,3,99.91,107.31,299.73,1
757,Female,46,East,Beauty,2024-11-30,9,279.97,171.99,2519.73,1
758,Male,38,West,Electronics,2022-10-24,5,294.04,42.61,1470.2,0
759,Male,28,South,Home,2024-01-02,3,107.46,121.56,322.38,1
760,Male,57,South,Sports,2025-07-19,5,426.45,16.76,2132.25,0
761,Female,28,South,Home,2023-02-11,2,46.71,128.61,93.42,1
762,Female,53,South,Electronics,2024-04-29,4,181.27,152.51,725.08,1
763,Male,66,South,Home,2025-02-19,10,341.79,116.99,3417.9,1
764,Female,56,North,Electronics,2025-08-09,2,140.69,53.25,281.38,0
765,Male,57,East,Beauty,2025-01-06,2,414.7,6.27,829.4,0
766,Male,52,North,Home,2024-12-09,8,371.23,23.89,2969.84,1
767,Male,51,South,Beauty,2025-04-04,1,395.57,124.46,395.57,1
768,Female,64,West,Beauty,2024-02-12,7,63.96,186.88,447.72,1
769,Female,41,West,Clothing,2025-03-12,5,74.57,41.31,372.85,0
770,Male,39,South,Electronics,2022-10-20,8,146.8,147.01,1174.4,1
771,Male,22,South,Sports,2025-07-20,1,261.45,173.29,261.45,1
772,Male,50,West,Electronics,2024-02-09,7,375.27,104.18,2626.89,1
773,Male,53,North,Sports,2024-06-08,5,419.08,133.85,2095.4,1
774,Female,64,North,Electronics,2023-07-18,4,353.65,163.0,1414.6,1
775,Female,37,South,Beauty,2025-01-02,7,464.66,52.14,3252.62,1
776,Male,36,North,Home,2023-01-03,10,370.68,59.38,3706.8,1
777,Male,52,West,Home,2025-05-24,2,156.6,0.13,313.2,0
778,Female,69,North,Clothing,2025-04-05,1,136.22,192.62,136.22,1
779,Female,60,South,Sports,2023-06-05,1,349.62,183.51,349.62,1
780,Male,34,West,Sports,2025-03-16,1,100.47,152.91,100.47,1
781,Male,62,North,Sports,2025-02-19,5,50.89,15.82,254.45,0
782,Male,60,East,Beauty,2024-09-03,10,268.45,89.5,2684.5,1
783,Female,51,West,Sports,2023-11-25,7,411.71,20.38,2881.97,1
784,Female,26,West,Home,2023-08-05,2,55.18,3.18,110.36,0
785,Female,43,East,Beauty,2023-06-22,10,396.99,123.24,3969.9,1
786,Male,19,East,Electronics,2023-09-25,8,406.73,192.17,3253.84,1
787,Male,26,West,Sports,2025-06-27,4,243.73,180.57,974.92,1
788,Female,26,East,Sports,2023-01-05,3,33.37,139.35,100.11,1
789,Female,57,South,Electronics,2025-04-06,10,91.42,19.33,914.2,1
790,Male,34,South,Sports,2023-10-29,8,355.18,54.83,2841.44,1
791,Female,18,South,Electronics,2024-05-05,2,357.33,64.01,714.66,0
792,Female,42,West,Beauty,2025-02-27,3,449.69,152.63,1349.07,1
793,Male,60,East,Home,2025-06-06,3,293.43,160.45,880.29,1
794,Female,57,East,Electronics,2023-10-24,10,66.43,77.02,664.3,1
795,Male,59,North,Clothing,2024-02-29,1,65.1,83.58,65.1,0
796,Male,42,North,Electronics,2024-01-08,6,361.96,8.9,2171.76,1
797,Male,56,East,Sports,2022-10-26,2,95.97,57.83,191.94,0
798,Male,52,East,Beauty,2023-09-01,1,167.55,90.26,167.55,0
799,Male,20,East,Beauty,2024-02-26,2,246.17,23.4,492.34,0
800,Male,67,West,Electronics,2024-01-05,6,17.26,90.65,103.56,1
801,Male,54,East,Home,2024-12-10,4,128.17,170.64,512.68,1
802,Female,61,North,Clothing,2023-12-07,6,206.91,116.26,1241.46,1
803,Male,61,West,Beauty,2024-03-30,9,143.42,15.79,1290.78,1
804,Male,68,East,Sports,2024-01-25,10,72.5,38.33,725.0,1
805,Female,47,North,Sports,2024-12-30,10,365.37,94.91,3653.7,1
806,Female,55,West,Home,2025-05-13,8,407.51,72.3,3260.08,1
807,Female,51,East,Beauty,2024-05-16,1,132.45,71.75,132.45,0
808,Male,29,East,Electronics,2025-02-22,8,388.34,105.85,3106.72,1
809,Female,36,East,Sports,2023-09-01,9,195.85,116.88,1762.65,1
810,Male,54,West,Home,2024-05-26,6,255.81,159.37,1534.86,1
811,Male,61,North,Beauty,2023-10-25,10,428.72,68.19,4287.2,1
812,Male,66,North,Beauty,2024-01-08,5,376.23,161.09,1881.15,1
813,Male,34,South,Beauty,2024-12-21,6,403.53,67.72,2421.18,1
814,Female,27,East,Beauty,2025-06-03,6,72.74,11.09,436.44,1
815,Female,66,South,Beauty,2023-02-22,9,39.51,110.84,355.59,1
816,Male,64,South,Sports,2024-09-05,4,447.24,117.58,1788.96,1
817,Male,29,North,Home,2024-07-10,2,196.98,186.91,393.96,1
818,Male,33,West,Beauty,2023-02-18,9,147.5,145.21,1327.5,1
819,Female,41,West,Clothing,2023-06-01,2,363.72,183.55,727.44,1
820,Male,36,North,Clothing,2023-09-17,10,419.03,181.67,4190.3,1
821,Male,25,West,Home,2023-04-12,9,431.93,120.91,3887.37,1
822,Female,48,South,Electronics,2023-07-05,2,161.42,105.55,322.84,1
823,Female,38,East,Electronics,2023-08-01,8,426.85,111.49,3414.8,1
824,Male,34,North,Electronics,2023-10-14,9,25.26,195.67,227.34,1
825,Female,40,East,Clothing,2025-01-09,10,29.58,154.63,295.8,1
826,Female,54,West,Electronics,2024-06-29,9,313.64,21.25,2822.76,1
827,Male,33,East,Sports,2025-09-25,10,36.24,155.69,362.4,1
828,Female,23,West,Beauty,2024-01-09,9,165.68,34.11,1491.12,1
829,Male,25,West,Clothing,2025-01-14,2,338.01,89.47,676.02,0
830,Female,42,South,Home,2025-05-23,4,171.95,42.09,687.8,0
831,Male,35,West,Home,2024-10-24,7,93.9,137.92,657.3,1
832,Male,42,South,Beauty,2024-01-05,2,144.27,175.46,288.54,1
833,Male,29,South,Clothing,2025-01-14,1,231.5,58.07,231.5,0
834,Female,32,South,Electronics,2023-05-23,3,240.32,16.4,720.96,0
835,Male,43,North,Electronics,2023-10-05,4,392.59,59.7,1570.36,0
836,Female,58,North,Sports,2024-06-01,8,376.33,134.47,3010.64,1
837,Male,62,West,Sports,2024-07-03,6,231.12,65.75,1386.72,1
838,Male,43,South,Electronics,2022-11-05,2,423.61,55.62,847.22,0
839,Female,64,North,Home,2025-08-11,9,61.55,36.89,553.95,1
840,Male,49,South,Home,2024-11-12,2,131.4,99.5,262.8,0
841,Male,27,East,Sports,2024-04-06,5,414.85,55.19,2074.25,0
842,Female,33,East,Beauty,2025-07-29,4,192.11,146.2,768.44,1
843,Male,24,East,Electronics,2024-02-04,7,490.68,15.32,3434.76,1
844,Male,34,West,Sports,2025-09-19,8,235.8,132.81,1886.4,1
845,Male,40,South,Sports,2024-04-24,5,397.01,47.51,1985.05,0
846,Male,43,East,Electronics,2023-02-14,10,204.14,97.86,2041.4,1
847,Female,38,North,Electronics,2025-01-26,5,215.35,57.22,1076.75,0
848,Female,39,East,Home,2024-10-24,2,194.53,144.55,389.06,1
849,Male,24,East,Beauty,2025-02-04,8,360.94,189.06,2887.52,1
850,Female,31,East,Beauty,2025-08-18,2,276.02,183.42,552.04,1
851,Male,32,West,Electronics,2025-02-08,10,472.17,116.69,4721.7,1
852,Female,24,North,Clothing,2024-08-11,6,129.19,92.52,775.14,1
853,Male,26,South,Sports,2025-05-07,8,54.78,163.66,438.24,1
854,Male,68,North,Sports,2024-10-18,6,199.66,136.67,1197.96,1
855,Male,65,South,Electronics,2024-01-01,4,310.27,36.71,1241.08,0
856,Male,25,West,Clothing,2025-06-07,4,431.1,164.18,1724.4,1
857,Male,67,West,Home,2023-06-11,6,176.37,85.78,1058.22,1
858,Male,40,West,Electronics,2024-12-02,4,328.62,37.8,1314.48,0
859,Female,46,West,Electronics,2025-06-03,8,178.35,56.36,1426.8,1
860,Male,35,South,Sports,2024-12-20,9,310.52,53.51,2794.68,1
861,Female,48,East,Electronics,2024-11-13,1,442.98,103.84,442.98,1
862,Male,47,South,Electronics,2025-01-13,4,119.52,46.87,478.08,0
863,Female,69,North,Electronics,2024-03-04,4,205.1,24.71,820.4,0
864,Female,56,West,Sports,2025-05-26,2,496.67,24.74,993.34,0
865,Female,52,West,Home,2023-05-22,6,434.94,116.66,2609.64,1
866,Male,35,North,Home,2023-02-28,3,284.5,146.95,853.5,1
867,Male,59,South,Electronics,2023-08-20,7,260.73,64.31,1825.11,1
868,Female,56,East,Sports,2024-05-16,5,145.88,6.93,729.4,0
869,Male,34,East,Home,2024-04-23,4,261.02,25.44,1044.08,0
870,Female,31,North,Home,2025-03-28,5,424.85,182.94,2124.25,1
871,Male,48,East,Home,2023-12-29,8,344.16,98.71,2753.28,1
872,Female,41,South,Sports,2024-03-25,3,148.57,90.71,445.71,0
873,Female,52,South,Sports,2022-10-26,7,104.72,7.61,733.04,1
874,Male,61,North,Electronics,2024-01-03,6,136.28,145.73,817.68,1
875,Female,62,South,Beauty,2024-09-20,1,89.03,105.61,89.03,1
876,Male,51,West,Home,2022-10-28,7,52.34,40.42,366.38,1
877,Female,20,North,Beauty,2023-08-15,7,212.47,22.01,1487.29,1
878,Female,54,South,Sports,2023-05-27,1,61.08,76.68,61.08,0
879,Male,60,North,Sports,2022-11-26,9,90.1,167.43,810.9,1
880,Male,57,East,Sports,2024-03-19,6,275.93,173.06,1655.58,1
881,Male,43,South,Beauty,2023-04-28,2,86.48,120.57,172.96,1
882,Female,40,West,Sports,2025-01-02,5,36.62,145.51,183.1,1
883,Male,61,South,Electronics,2025-04-27,4,162.11,23.03,648.44,0
884,Female,56,North,Sports,2024-05-31,7,114.06,117.63,798.42,1
885,Female,32,North,Clothing,2025-09-20,8,260.08,133.39,2080.64,1
886,Male,66,South,Beauty,2024-02-17,1,55.67,40.14,55.67,0
887,Male,21,West,Clothing,2024-04-26,5,377.13,176.03,1885.65,1
888,Female,46,West,Sports,2025-09-29,3,453.59,39.0,1360.77,0
889,Female,39,West,Electronics,2023-06-22,1,373.0,62.7,373.0,0
890,Male,42,North,Home,2025-08-09,3,268.75,124.11,806.25,1
891,Male,30,South,Sports,2022-11-27,6,431.03,127.67,2586.18,1
892,Male,35,East,Electronics,2024-02-12,7,348.98,139.88,2442.86,1
893,Male,50,North,Beauty,2022-12-27,8,10.22,22.4,81.76,1
894,Male,33,West,Clothing,2024-12-18,4,200.07,169.89,800.28,1
895,Female,62,South,Clothing,2024-08-08,3,426.22,106.57,1278.66,1
896,Female,59,West,Clothing,2024-11-23,5,176.2,94.26,881.0,0
897,Female,61,East,Beauty,2023-11-26,9,22.43,196.22,201.87,1
898,Female,19,West,Electronics,2023-11-20,6,374.36,148.08,2246.16,1
899,Male,52,West,Beauty,2022-11-30,9,402.01,23.6,3618.09,1
900,Male,59,East,Clothing,2023-10-30,6,84.49,151.31,506.94,1
901,Male,51,South,Sports,2025-07-25,2,270.98,19.05,541.96,0
902,Female,47,North,Home,2023-12-01,5,100.02,5.49,500.1,0
903,Female,30,South,Beauty,2025-04-09,9,361.02,80.73,3249.18,1
904,Male,30,East,Beauty,2025-04-21,8,139.42,198.72,1115.36,1
905,Male,35,West,Electronics,2023-11-24,7,161.53,34.98,1130.71,1
906,Female,49,South,Electronics,2024-09-03,1,423.26,134.53,423.26,1
907,Female,49,North,Beauty,2023-01-24,4,240.78,34.68,963.12,0
908,Male,52,East,Clothing,2023-02-02,7,336.53,144.96,2355.71,1
909,Male,56,South,Home,2022-12-04,7,204.17,101.07,1429.19,1
910,Female,63,North,Electronics,2024-07-09,6,152.51,135.99,915.06,1
911,Male,69,East,Clothing,2024-01-21,8,314.61,40.57,2516.88,1
912,Male,46,North,Sports,2024-06-03,6,81.65,149.13,489.9,1
913,Male,66,East,Electronics,2024-05-04,10,189.63,199.12,1896.3,1
914,Female,46,West,Clothing,2023-10-30,3,108.47,133.13,325.41,1
915,Female,61,South,Clothing,2024-10-22,4,349.42,98.7,1397.68,0
916,Female,33,North,Home,2025-01-19,3,472.38,184.63,1417.14,1
917,Female,61,East,Home,2022-10-28,1,497.78,3.17,497.78,0
918,Female,64,North,Sports,2023-05-26,10,227.89,145.98,2278.9,1
919,Female,27,North,Clothing,2024-11-30,5,130.0,177.75,650.0,1
920,Female,47,South,Clothing,2023-12-09,1,224.2,12.33,224.2,0
921,Male,42,West,Home,2024-10-06,1,424.4,90.01,424.4,0
922,Male,56,North,Electronics,2023-10-26,2,106.97,40.94,213.94,0
923,Male,37,East,Electronics,2023-12-13,4,476.29,113.3,1905.16,1
924,Male,22,East,Beauty,2023-04-03,6,174.22,129.91,1045.32,1
925,Male,18,West,Home,2023-07-21,8,492.97,60.52,3943.76,1
926,Male,47,East,Beauty,2024-08-04,3,420.11,92.0,1260.33,0
927,Male,66,West,Home,2024-01-29,1,405.24,55.87,405.24,0
928,Female,20,East,Sports,2025-02-05,3,162.36,73.88,487.08,0
929,Female,62,South,Clothing,2025-05-02,3,9.34,31.91,28.02,0
930,Male,31,North,Sports,2024-05-27,5,194.16,177.11,970.8,1
931,Male,47,South,Home,2025-01-19,4,154.4,2.0,617.6,0
932,Female,67,North,Clothing,2023-09-13,4,23.51,176.48,94.04,1
933,Male,21,North,Electronics,2024-01-09,9,255.16,114.34,2296.44,1
934,Male,35,North,Electronics,2024-11-30,7,204.5,66.33,1431.5,1
935,Female,54,South,Beauty,2023-12-08,4,319.11,144.61,1276.44,1
936,Male,42,North,Home,2024-07-17,3,312.49,101.55,937.47,1
937,Female,65,South,Home,2023-05-02,6,64.77,99.82,388.62,1
938,Male,18,West,Electronics,2024-07-29,3,488.6,22.03,1465.8,0
939,Female,63,East,Sports,2025-05-12,6,97.53,77.9,585.18,1
940,Female,32,East,Clothing,2025-05-20,9,225.41,48.21,2028.69,1
941,Female,26,North,Sports,2024-12-13,6,246.62,3.14,1479.72,1
942,Male,32,South,Sports,2025-01-05,4,407.47,72.02,1629.88,0
943,Female,66,East,Electronics,2024-06-13,5,54.12,17.96,270.6,0
944,Male,41,South,Electronics,2024-07-13,6,217.18,51.37,1303.08,1
945,Male,21,South,Electronics,2023-03-07,3,316.11,18.5,948.33,0
946,Male,29,North,Beauty,2024-02-10,8,111.5,20.19,892.0,1
947,Male,54,East,Sports,2024-02-17,4,315.6,39.8,1262.4,0
948,Female,54,North,Home,2025-08-26,8,462.21,199.97,3697.68,1
949,Female,60,North,Clothing,2024-01-27,10,498.77,0.44,4987.7,1
950,Male,23,East,Beauty,2024-06-04,10,21.06,127.73,210.6,1
951,Male,56,East,Home,2024-05-17,3,121.62,28.25,364.86,0
952,Female,63,West,Sports,2024-09-08,10,158.6,184.13,1586.0,1
953,Male,41,West,Electronics,2025-01-08,7,202.57,18.73,1417.99,1
954,Female,28,South,Sports,2023-06-15,9,124.92,191.01,1124.28,1
955,Male,30,East,Clothing,2024-05-12,4,105.73,122.19,422.92,1
956,Male,51,West,Beauty,2025-04-03,8,477.5,0.25,3820.0,1
957,Female,42,South,Beauty,2024-03-02,3,459.67,178.8,1379.01,1
958,Male,24,South,Clothing,2023-08-12,7,28.26,104.34,197.82,1
959,Female,69,South,Home,2024-09-27,3,172.71,52.53,518.13,0
960,Male,21,West,Home,2025-04-01,7,205.55,153.46,1438.85,1
961,Male,25,East,Beauty,2022-12-20,10,123.31,185.33,1233.1,1
962,Male,37,North,Beauty,2025-02-08,10,316.29,96.74,3162.9,1
963,Female,46,South,Electronics,2025-03-29,6,321.99,63.11,1931.94,1
964,Male,68,West,Home,2024-02-29,2,426.0,157.79,852.0,1
965,Male,62,West,Clothing,2025-09-22,3,371.73,136.36,1115.19,1
966,Male,63,North,Home,2025-02-19,6,273.57,177.75,1641.42,1
967,Male,27,North,Electronics,2025-02-05,4,328.53,138.5,1314.12,1
968,Female,60,West,Beauty,2025-01-07,6,140.62,48.71,843.72,1
969,Female,51,East,Beauty,2023-03-25,1,298.56,186.33,298.56,1
970,Male,43,North,Electronics,2023-06-06,10,247.17,20.97,2471.7,1
971,Female,58,West,Clothing,2024-03-03,1,71.01,53.59,71.01,0
972,Male,66,North,Beauty,2023-07-28,3,125.06,104.04,375.18,1
973,Male,20,East,Sports,2024-01-09,8,149.39,113.15,1195.12,1
974,Male,23,South,Beauty,2025-06-10,8,462.53,3.06,3700.24,1
975,Female,22,North,Sports,2025-04-01,4,119.04,156.11,476.16,1
976,Female,22,East,Electronics,2024-08-31,6,148.18,72.32,889.08,1
977,Female,64,West,Electronics,2025-05-08,8,187.83,81.28,1502.64,1
978,Female,40,North,Beauty,2025-02-16,7,333.55,161.87,2334.85,1
979,Female,66,North,Home,2024-01-24,7,63.53,75.86,444.71,1
980,Female,26,West,Sports,2023-05-20,4,477.2,9.44,1908.8,0
981,Female,52,South,Clothing,2024-04-27,9,433.46,35.29,3901.14,1
982,Female,37,West,Beauty,2024-12-26,10,290.72,191.18,2907.2,1
983,Female,66,North,Clothing,2024-02-01,6,338.65,14.08,2031.9,1
984,Male,59,West,Beauty,2024-10-11,3,13.25,70.99,39.75,0
985,Female,52,East,Home,2023-01-23,5,172.78,100.64,863.9,1
986,Female,67,West,Home,2025-01-08,5,398.85,98.66,1994.25,0
987,Female,35,North,Home,2025-03-19,5,43.35,0.79,216.75,0
988,Female,34,West,Home,2024-11-23,8,144.75,100.23,1158.0,1
989,Female,41,South,Electronics,2025-09-05,9,294.72,76.75,2652.48,1
990,Female,20,West,Electronics,2025-04-04,9,131.92,194.42,1187.28,1
991,Female,49,South,Sports,2025-06-26,6,467.32,31.83,2803.92,1
992,Female,52,East,Clothing,2025-07-30,6,69.87,70.83,419.22,1
993,Female,55,South,Beauty,2025-03-07,9,399.71,83.9,3597.39,1
994,Female,30,West,Beauty,2024-10-19,4,256.43,78.14,1025.72,0
995,Female,64,North,Electronics,2022-10-18,6,376.41,133.17,2258.46,1
996,Male,42,South,Beauty,2024-03-05,4,158.8,43.1,635.2,0
997,Male,26,East,Electronics,2024-06-28,1,259.67,44.21,259.67,0
998,Female,21,South,Sports,2023-09-09,7,429.13,145.84,3003.91,1
999,Female,31,South,Clothing,2023-09-25,10,236.1,100.06,2361.0,1
1000,Male,54,South,Sports,2025-08-29,6,183.06,83.03,1098.36,1
